Model,Effect of Time,Std. Error,statistic,p
Total,0.004766439395861413,0.002913799647507411,1.6358157637704533,0.10187815181807829
Richness,-0.004225965052588771,0.004224265549964579,-1.0004023190786873,0.317115848150534
Juveniles,0.0031502034670497117,0.0025906523080211153,1.215988520457233,0.22398929503176468
